num_units,num_layers,learning_rate,learning_momentum,RMSE,NMSE,MASE
2.0,2.0,0.34,0.7000000000000001,0.09656014618489868,0.00885292621189358,0.07864227862701485
