num_units,num_layers,learning_rate,learning_momentum,RMSE,NMSE,MASE
3.0,2.0,0.18,0.66,0.167561605974369,0.04463716053572839,0.2196317666705474
